"Gender","AvgDegree","AvgBetweenness","AvgCloseness"
"Female",220.25,0.0749573488219412,0.506082098130464
"Male",445.543478260869,0.0705534879396224,0.570629700084669
